AIML_questions,AIML_answers,Data_science_questions,Data_science_answers,Java_developer_questions,Java_developer_answers
"What is the difference between AI, ML, and DL?","AI simulates human intelligence, ML allows systems to learn, and DL uses neural networks.",What is data science?,Data science involves extracting insights from data using analytical techniques.,What is Java?,"Java is a high-level, object-oriented programming language."
Explain supervised vs unsupervised learning.,"Supervised learning uses labeled data, while unsupervised learning uses unlabeled data.",What are the steps of a data science project?,"Steps include data collection, cleaning, analysis, modeling, and interpretation.",Explain the concept of OOP in Java.,OOP in Java involves using objects and classes to organize code.
What is a neural network?,A neural network is a set of algorithms modeled after the human brain.,Explain the concept of data wrangling.,Data wrangling is the process of cleaning and organizing raw data.,What is the Java Virtual Machine (JVM)?,JVM is an engine that provides a runtime environment to execute Java bytecode.
What is the purpose of the activation function in a neural network?,The activation function introduces non-linearity to the network.,What is data visualization and why is it important?,Data visualization represents data graphically to reveal insights.,What are Java's access modifiers?,Access modifiers are keywords that set access levels for classes and members.
Explain overfitting and how to prevent it.,Overfitting occurs when a model learns noise; regularization can prevent it.,Describe the role of a data scientist.,A data scientist analyzes and interprets complex data to inform decisions.,Explain the difference between an interface and an abstract class.,Interfaces define methods without implementation; abstract classes can have both.
What is the bias-variance tradeoff?,The bias-variance tradeoff is balancing model simplicity and complexity.,What are some common data preprocessing techniques?,"Preprocessing techniques include normalization, handling missing values, and encoding.",What is the purpose of the 'final' keyword in Java?,The 'final' keyword is used to declare constants or prevent inheritance.
Describe the process of model evaluation.,Model evaluation assesses how well a model generalizes to new data.,What is exploratory data analysis (EDA)?,EDA is the process of analyzing data sets to summarize their main characteristics.,What is exception handling in Java?,"Exception handling manages runtime errors using try, catch, and finally blocks."
What is reinforcement learning?,Reinforcement learning is training models based on reward feedback.,Explain the difference between classification and regression.,"Classification predicts categories, while regression predicts continuous values.",Describe the concept of multithreading in Java.,Multithreading allows concurrent execution of two or more threads.
What are common loss functions used in ML?,"Common loss functions include MSE, cross-entropy, and hinge loss.",What is a confusion matrix?,A confusion matrix is a table used to evaluate classification models.,What is garbage collection in Java?,Garbage collection automatically manages memory by removing unreferenced objects.
What is gradient descent?,Gradient descent is an optimization algorithm for minimizing loss.,Describe the concept of hypothesis testing.,Hypothesis testing assesses whether there's enough evidence to support a claim.,Explain the difference between '== operator' and 'equals()' method.,The '==' checks reference equality; 'equals()' checks value equality.
Explain the concept of clustering.,Clustering groups similar data points into clusters.,What is the role of statistics in data science?,"Statistics helps in analyzing data, making inferences, and predicting outcomes.",What is the role of the 'static' keyword in Java?,"'Static' means the member belongs to the class, not instances."
What are convolutional neural networks?,CNNs are neural networks specialized for processing grid-like data.,Explain the concept of feature selection.,Feature selection chooses relevant features to improve model performance.,Describe the concept of inheritance in Java.,Inheritance allows a class to inherit properties and methods from another class.
Describe natural language processing (NLP).,NLP is the field that focuses on interaction between computers and human language.,What are some common machine learning algorithms used in data science?,"Algorithms include linear regression, decision trees, and k-means clustering.",What are Java Collections?,Java Collections framework provides architecture to store and manipulate groups of objects.
What is a decision tree?,A decision tree is a flowchart-like structure used for decision making.,What is the importance of big data in data science?,Big data allows for the analysis of large and complex data sets.,What is a Java package and how is it used?,A package organizes Java classes and interfaces into namespaces.
Explain the concept of a support vector machine.,SVM is a supervised model used for classification tasks.,What is the purpose of data cleaning?,Data cleaning removes or corrects inaccurate records from a dataset.,"What is the difference between JDK, JRE, and JVM?","JDK is a development kit, JRE is a runtime environment, and JVM runs Java bytecode."
What is the purpose of cross-validation?,Cross-validation splits data to assess model performance.,What is a p-value?,A p-value indicates the probability of observing the data given the null hypothesis.,What are lambda expressions in Java?,Lambda expressions provide a concise way to implement functional interfaces.
What are generative adversarial networks (GANs)?,GANs consist of a generator and a discriminator working together.,Explain the concept of a time series.,A time series is a sequence of data points over time.,What is the significance of the 'this' keyword in Java?,'This' refers to the current instance of the class.
What is a random forest?,Random forest is an ensemble learning method using multiple decision trees.,What are the different types of sampling methods?,"Sampling methods include random, stratified, and cluster sampling.",What is the difference between 'String' and 'StringBuilder' in Java?,'String' is immutable; 'StringBuilder' is mutable and more efficient for modifications.
Explain the concept of transfer learning.,Transfer learning applies knowledge from one task to another.,What is the role of cloud computing in data science?,Cloud computing provides scalable resources for data storage and processing.,Explain the concept of polymorphism in Java.,Polymorphism allows objects to be treated as instances of their parent class.
What is the role of data preprocessing in ML?,Data preprocessing prepares raw data for machine learning.,What is deep learning and how is it related to data science?,"Deep learning is a subset of ML using neural networks, key in data science.",What is JDBC and how is it used?,JDBC is an API for connecting and executing queries with databases in Java.
